model,truth,predicted,count,row_fraction
selected_raw,0,0,11715,0.7629436665581244
selected_raw,0,1,2168,0.1411917942038424
selected_raw,0,2,1472,0.09586453923803322
selected_raw,1,0,1347,0.3784771003090756
selected_raw,1,1,1047,0.29418375948300085
selected_raw,1,2,1165,0.3273391402079236
selected_raw,2,0,141,0.18170103092783504
selected_raw,2,1,163,0.21005154639175258
selected_raw,2,2,472,0.6082474226804123
selected_calibrated,0,0,11712,0.7627482904591338
selected_calibrated,0,1,2181,0.1420384239661348
selected_calibrated,0,2,1462,0.09521328557473135
selected_calibrated,1,0,1345,0.3779151447035684
selected_calibrated,1,1,1058,0.29727451531329024
selected_calibrated,1,2,1156,0.32481033998314135
selected_calibrated,2,0,145,0.18685567010309279
selected_calibrated,2,1,166,0.21391752577319587
selected_calibrated,2,2,465,0.5992268041237113
baseline_raw,0,0,11945,0.7779225008140671
baseline_raw,0,1,1090,0.07098664929990231
baseline_raw,0,2,2320,0.1510908498860306
baseline_raw,1,0,1401,0.39364990165776903
baseline_raw,1,1,588,0.1652149480191065
baseline_raw,1,2,1570,0.44113515032312445
baseline_raw,2,0,126,0.16237113402061856
baseline_raw,2,1,79,0.1018041237113402
baseline_raw,2,2,571,0.7358247422680413
baseline_calibrated,0,0,11180,0.7281015955714751
baseline_calibrated,0,1,2205,0.14360143275805926
baseline_calibrated,0,2,1970,0.12829697167046564
baseline_calibrated,1,0,1146,0.3220005619556055
baseline_calibrated,1,1,1050,0.2950266928912616
baseline_calibrated,1,2,1363,0.3829727451531329
baseline_calibrated,2,0,107,0.13788659793814434
baseline_calibrated,2,1,149,0.19201030927835053
baseline_calibrated,2,2,520,0.6701030927835051
