model,metric,estimate,ci_lower,ci_upper,valid_replicates
selected_raw,quadratic_weighted_kappa,0.35439684076446665,0.33830815501737566,0.3713228309650074,2000
selected_raw,severe_auprc,0.1825405184310062,0.16162315525218782,0.20829340183504924,2000
selected_raw,multiclass_brier,0.4178937735055251,0.4088121657407414,0.4270648679529263,2000
selected_raw,severe_auroc,0.8467766540139905,0.8341174346108141,0.8590585451566382,2000
selected_raw,any_high_auroc,0.7954140549854896,0.7877573801616716,0.8034430721443467,2000
selected_raw,any_high_auprc,0.49915573552084375,0.47980516018625624,0.5193338082186045,2000
selected_raw,macro_f1,0.45509368040142767,0.44619988703246366,0.4644278686333023,2000
selected_raw,balanced_accuracy,0.5551249495738458,0.5423407275554457,0.5691283698047308,2000
selected_raw,multiclass_log_loss,0.7033212632269016,0.689257161946434,0.7182209741691087,2000
selected_raw,severe_to_normal_mild_rate,0.18170103092783504,0.15336358778378728,0.21133683706614506,2000
selected_raw,severe_sensitivity,0.6082474226804123,0.5729724920650188,0.6462389392190653,2000
selected_raw,severe_ppv,0.1518173045995497,0.1382434415259583,0.16645488573990727,2000
selected_raw,severe_brier,0.07753522962471897,0.07419273123334316,0.0811403143610609,2000
selected_raw,any_high_brier,0.1870289820950208,0.18304103236735464,0.19110713604633814,2000
selected_raw,severe_ece_10,0.11853100751922195,0.11392907493926928,0.12313962675166082,2000
selected_raw,any_high_ece_10,0.1850156254646212,0.17716991511847446,0.19262706448224393,2000
selected_calibrated,quadratic_weighted_kappa,0.353115671705607,0.33676004223779965,0.37028259726844986,2000
selected_calibrated,severe_auprc,0.18192688742136437,0.16023754440540153,0.20646863630298334,2000
selected_calibrated,multiclass_brier,0.41858533149572774,0.4095845284333937,0.4277324106178368,2000
selected_calibrated,severe_auroc,0.8474090947740669,0.8347205673208615,0.8595260747086032,2000
selected_calibrated,any_high_auroc,0.795232973416156,0.7876349155177664,0.8032637315061127,2000
selected_calibrated,any_high_auprc,0.49715996502152004,0.47743057239225734,0.5169988261505584,2000
selected_calibrated,macro_f1,0.4550325559465913,0.4462630758580237,0.46423983089484894,2000
selected_calibrated,balanced_accuracy,0.5530832032987117,0.5405386166976328,0.5669282666615255,2000
selected_calibrated,multiclass_log_loss,0.705162562347094,0.6910223080908744,0.7200146758022135,2000
selected_calibrated,severe_to_normal_mild_rate,0.18685567010309279,0.15870419963481439,0.21646746347941567,2000
selected_calibrated,severe_sensitivity,0.5992268041237113,0.563202513128524,0.6381218156802889,2000
selected_calibrated,severe_ppv,0.1508271164450211,0.13679191281577716,0.16537969236308722,2000
selected_calibrated,severe_brier,0.07780832194930189,0.07445701277524401,0.0814424785763939,2000
selected_calibrated,any_high_brier,0.18741320025509056,0.18338563098436453,0.19149347220887042,2000
selected_calibrated,severe_ece_10,0.11903748751265736,0.11443645880812485,0.12363442346434093,2000
selected_calibrated,any_high_ece_10,0.18553964227216957,0.17773262146792543,0.19317130944787467,2000
baseline_raw,quadratic_weighted_kappa,0.32799330253133474,0.312413662253257,0.34364921130022114,2000
baseline_raw,severe_auprc,0.17147842107676672,0.15188033667494674,0.19638099786617055,2000
baseline_raw,multiclass_brier,0.42303683341854653,0.41555059034028496,0.4307707611663619,2000
baseline_raw,severe_auroc,0.8445565876582992,0.8319751189972332,0.8565198250891077,2000
baseline_raw,any_high_auroc,0.7966664375635901,0.7890675069676117,0.804440179166673,2000
baseline_raw,any_high_auprc,0.5011503036843875,0.48031271785856716,0.52268759272038,2000
baseline_raw,macro_f1,0.4226732288656565,0.4139752787411798,0.43157372519771714,2000
baseline_raw,balanced_accuracy,0.5596540637004049,0.5483945915599441,0.5714619877482748,2000
baseline_raw,multiclass_log_loss,0.7185223525201865,0.7071206248332406,0.7304164273792351,2000
baseline_raw,severe_to_normal_mild_rate,0.16237113402061856,0.1370214954789106,0.18750371140142516,2000
baseline_raw,severe_sensitivity,0.7358247422680413,0.7041049468180411,0.7675056269856724,2000
baseline_raw,severe_ppv,0.12799820668011658,0.1168969044331818,0.13955161675733385,2000
baseline_raw,severe_brier,0.08641107911297884,0.08362181900153218,0.08943526629622187,2000
baseline_raw,any_high_brier,0.19008585539053696,0.18654087702992894,0.19348649644301183,2000
baseline_raw,severe_ece_10,0.15802188410936227,0.15369134675052104,0.1623365032936122,2000
baseline_raw,any_high_ece_10,0.2071794218199988,0.19895281296189482,0.21485041520261247,2000
baseline_calibrated,quadratic_weighted_kappa,0.33180389868376403,0.3166532718157778,0.3470144483966409,2000
baseline_calibrated,severe_auprc,0.17019746378212378,0.15067238015670825,0.19477221432856062,2000
baseline_calibrated,multiclass_brier,0.4320059542937775,0.4235820613946929,0.44056413912156434,2000
baseline_calibrated,severe_auroc,0.8435446824421773,0.8308530630372778,0.8556845323457452,2000
baseline_calibrated,any_high_auroc,0.7962421687122567,0.7886087595007883,0.8039379227762438,2000
baseline_calibrated,any_high_auprc,0.49933211672823397,0.47865036270804223,0.5209356486617299,2000
baseline_calibrated,macro_f1,0.4436428597810027,0.43482760148132493,0.4524121792756412,2000
baseline_calibrated,balanced_accuracy,0.5644104604154139,0.5516154655788852,0.5774688533075474,2000
baseline_calibrated,multiclass_log_loss,0.7259298614721373,0.7120144150181099,0.7400204223257433,2000
baseline_calibrated,severe_to_normal_mild_rate,0.13788659793814434,0.11406611945457641,0.16273436371515237,2000
baseline_calibrated,severe_sensitivity,0.6701030927835051,0.6362430517560839,0.7062802735843469,2000
baseline_calibrated,severe_ppv,0.13495977160654035,0.12248565411832321,0.14791148770450877,2000
baseline_calibrated,severe_brier,0.08429016732114163,0.08116335819775317,0.0877155368199813,2000
baseline_calibrated,any_high_brier,0.1974664137434592,0.1932135358310046,0.20153333703998227,2000
baseline_calibrated,severe_ece_10,0.13499621666486583,0.1304493830208796,0.13958107549564966,2000
baseline_calibrated,any_high_ece_10,0.20093636923477087,0.1928924574732397,0.20839758723169843,2000
