comparison,metric,delta,ci_lower,ci_upper,valid_replicates
Selected minus baseline (raw),quadratic_weighted_kappa,0.026403538233131907,0.014963042932156853,0.038320677882818704,2000
Selected minus baseline (raw),severe_auprc,0.011062097354239464,-0.006890744435652554,0.02860811125661644,2000
Selected minus baseline (raw),multiclass_brier,-0.005143059913021442,-0.009438046476379896,-0.0007653006330248167,2000
Selected minus baseline (raw),severe_auroc,0.0022200663556912748,-0.0068331015140903175,0.011270306754292227,2000
Selected minus baseline (raw),any_high_auroc,-0.0012523825781005637,-0.00610326664413888,0.003935959538955552,2000
Selected minus baseline (raw),any_high_auprc,-0.001994568163543764,-0.014995752096501407,0.011760663275318191,2000
Selected minus baseline (raw),macro_f1,0.032420451535771166,0.02454874373343774,0.0405505562264066,2000
Selected minus baseline (raw),balanced_accuracy,-0.004529114126559097,-0.01693702889279746,0.008910936340416087,2000
Selected minus baseline (raw),multiclass_log_loss,-0.015201089293284897,-0.022347292535324113,-0.00792776196843356,2000
Selected minus baseline (raw),severe_to_normal_mild_rate,0.01932989690721648,-0.01082654291933871,0.04815044183688249,2000
Selected minus baseline (raw),severe_sensitivity,-0.12757731958762897,-0.16156476100989972,-0.08960564624292584,2000
Selected minus baseline (raw),severe_ppv,0.023819097919433124,0.015969128092616774,0.03221150965839999,2000
Selected minus baseline (raw),severe_brier,-0.008875849488259868,-0.010733851456127947,-0.0070254939513711015,2000
Selected minus baseline (raw),any_high_brier,-0.003056873295516155,-0.0053439635450398554,-0.0007834085969421868,2000
Selected minus baseline (raw),severe_ece_10,-0.03949087659014032,-0.04201836053071034,-0.03679163149151287,2000
Selected minus baseline (raw),any_high_ece_10,-0.022163796355377602,-0.025394346569633592,-0.018913899873426315,2000
Selected minus baseline (calibrated),quadratic_weighted_kappa,0.02131177302184295,0.009162375331905068,0.03341079213637876,2000
Selected minus baseline (calibrated),severe_auprc,0.011729423639240594,-0.0061964715622622405,0.028999847856384917,2000
Selected minus baseline (calibrated),multiclass_brier,-0.013420622798049786,-0.017890037537010087,-0.008908540257925205,2000
Selected minus baseline (calibrated),severe_auroc,0.0038644123318896106,-0.005266808879448995,0.013073707071354553,2000
Selected minus baseline (calibrated),any_high_auroc,-0.0010091952961007733,-0.005728666631501228,0.004079571528541152,2000
Selected minus baseline (calibrated),any_high_auprc,-0.0021721517067139207,-0.015171184290599406,0.01137365391698218,2000
Selected minus baseline (calibrated),macro_f1,0.011389696165588603,0.0036170246783866324,0.019089032844844298,2000
Selected minus baseline (calibrated),balanced_accuracy,-0.011327257116702127,-0.024597429232260264,0.002181223147814238,2000
Selected minus baseline (calibrated),multiclass_log_loss,-0.02076729912504338,-0.028502295201243866,-0.013421503617194963,2000
Selected minus baseline (calibrated),severe_to_normal_mild_rate,0.048969072164948446,0.020180609080193614,0.07634543178973717,2000
Selected minus baseline (calibrated),severe_sensitivity,-0.07087628865979378,-0.10852918527645153,-0.03443549354303344,2000
Selected minus baseline (calibrated),severe_ppv,0.015867344838480735,0.007430099343037271,0.02415700490367542,2000
Selected minus baseline (calibrated),severe_brier,-0.0064818453718397395,-0.00835438139320378,-0.004578049740904717,2000
Selected minus baseline (calibrated),any_high_brier,-0.010053213488368629,-0.012386636747989604,-0.007712929067065772,2000
Selected minus baseline (calibrated),severe_ece_10,-0.015958729152208473,-0.018532159334235507,-0.013366573563426448,2000
Selected minus baseline (calibrated),any_high_ece_10,-0.015396726962601304,-0.018465837591247126,-0.012413399824438289,2000
Calibration minus raw (selected),quadratic_weighted_kappa,-0.0012811690588596658,-0.0034697843814053024,0.0009783877955773723,2000
Calibration minus raw (selected),severe_auprc,-0.0006136310096418185,-0.004752264407863268,0.0021432032666814185,2000
Calibration minus raw (selected),multiclass_brier,0.0006915579902026514,0.00034142680740916473,0.0010467175155981596,2000
Calibration minus raw (selected),severe_auroc,0.0006324407600764026,-0.0001871883755105358,0.0013669750730357561,2000
Calibration minus raw (selected),any_high_auroc,-0.00018108156933360764,-0.0005657075522553651,0.00022190097657216168,2000
Calibration minus raw (selected),any_high_auprc,-0.0019957704993237013,-0.004207165488128656,0.0002583231521622371,2000
Calibration minus raw (selected),macro_f1,-6.112445483635875e-05,-0.0020057736159461784,0.001853689215368508,2000
Calibration minus raw (selected),balanced_accuracy,-0.002041746275134093,-0.005402072077856782,0.0013735936758124364,2000
Calibration minus raw (selected),multiclass_log_loss,0.0018412991201923745,0.0010737332755790946,0.0025924591639267434,2000
Calibration minus raw (selected),severe_to_normal_mild_rate,0.005154639175257741,0.0012269938650306678,0.0105405320846413,2000
Calibration minus raw (selected),severe_sensitivity,-0.009020618556700999,-0.018964313491145905,3.0339805825075753e-05,2000
Calibration minus raw (selected),severe_ppv,-0.000990188154528615,-0.0032215253308629627,0.0011674777228337814,2000
Calibration minus raw (selected),severe_brier,0.00027309232458291866,0.00016570731860376942,0.00037670199848001125,2000
Calibration minus raw (selected),any_high_brier,0.00038421816006975473,0.00021587473224868453,0.0005560549016041485,2000
Calibration minus raw (selected),severe_ece_10,0.0005064799934354075,0.0003782055772788652,0.000626981471045546,2000
Calibration minus raw (selected),any_high_ece_10,0.0005240168075483775,0.0002803294373308861,0.0007807314961275728,2000
Calibration minus raw (baseline),quadratic_weighted_kappa,0.003810596152429291,-0.0005405695363795371,0.008302448815654364,2000
Calibration minus raw (baseline),severe_auprc,-0.0012809572946429482,-0.003566445970999285,0.0006226303072956926,2000
Calibration minus raw (baseline),multiclass_brier,0.008969120875230996,0.0073979565523488765,0.010527783799832461,2000
Calibration minus raw (baseline),severe_auroc,-0.0010119052161219333,-0.0016907847837214663,-0.00031629150175914233,2000
Calibration minus raw (baseline),any_high_auroc,-0.0004242688513333981,-0.0008857463546147387,4.680936441671348e-05,2000
Calibration minus raw (baseline),any_high_auprc,-0.0018181869561535446,-0.004410517688780799,0.0007488426377145348,2000
Calibration minus raw (baseline),macro_f1,0.020969630915346205,0.016160160043967444,0.02607280317005912,2000
Calibration minus raw (baseline),balanced_accuracy,0.004756396715008937,-0.0018943136250845287,0.011704572081120789,2000
Calibration minus raw (baseline),multiclass_log_loss,0.007407508951950859,0.004147661627011637,0.01105279514547886,2000
Calibration minus raw (baseline),severe_to_normal_mild_rate,-0.024484536082474223,-0.03509038068472154,-0.014211886304909577,2000
Calibration minus raw (baseline),severe_sensitivity,-0.06572164948453618,-0.08333596713021485,-0.04813426880049573,2000
Calibration minus raw (baseline),severe_ppv,0.0069615649264237744,0.003644811640679625,0.010472755287483667,2000
Calibration minus raw (baseline),severe_brier,-0.00212091179183721,-0.002585989212831618,-0.001630586890398234,2000
Calibration minus raw (baseline),any_high_brier,0.0073805583529222285,0.006605815288732042,0.008118908939519484,2000
Calibration minus raw (baseline),severe_ece_10,-0.02302566744449644,-0.023545930964569767,-0.022483132619744845,2000
Calibration minus raw (baseline),any_high_ece_10,-0.006243052585227921,-0.007032569629918014,-0.005405943714606048,2000
